{
  "manifest": {
    "publishingInformation": {
      "locales": {
        "en-US": {
          "summary": "sample skill for presentation",
          "examplePhrases": [
            "alexa open sample",
            "alexa launch sample",
            "alexa open sample please"
          ],
          "keywords": [
            "sample, alexa sample",
            "samples"
          ],
          "name": "alexa sample",
          "description": "sample skill for presentation",
          "smallIconUri": "file://assets/images/en-US_smallIconUri.png",
          "largeIconUri": "file://assets/images/en-US_largeIconUri.png"
        }
      },
      "isAvailableWorldwide": true,
      "testingInstructions": "alexa open sample",
      "category": "SMART_HOME",
      "distributionCountries": [
        "US",
        "GB"
      ]
    },
    "apis": {
      "custom": {
        "endpoint": {
          "uri": "arn:aws:lambda:us-east-1:030534737782:function:ebe50fd5-358a-4c07-a1d8-3b719387430f:Release_0"
        },
        "regions": {
          "EU": {
            "endpoint": {
              "uri": "arn:aws:lambda:eu-west-1:030534737782:function:ebe50fd5-358a-4c07-a1d8-3b719387430f:Release_0"
            }
          },
          "NA": {
            "endpoint": {
              "uri": "arn:aws:lambda:us-east-1:030534737782:function:ebe50fd5-358a-4c07-a1d8-3b719387430f:Release_0"
            }
          },
          "FE": {
            "endpoint": {
              "uri": "arn:aws:lambda:us-west-2:030534737782:function:ebe50fd5-358a-4c07-a1d8-3b719387430f:Release_0"
            }
          }
        }
      }
    },
    "manifestVersion": "1.0",
    "privacyAndCompliance": {
      "allowsPurchases": true,
      "locales": {
        "en-US": {
          "termsOfUseUrl": "http://www.sample.com",
          "privacyPolicyUrl": "http://www.sample.com"
        }
      },
      "isExportCompliant": true,
      "isChildDirected": true,
      "usesPersonalInfo": true
    }
  }
}