{
  "manifest": {
    "publishingInformation": {
      "locales": {
        "en-US": {
          "summary": "dffdsfd",
          "examplePhrases": [
            "sdsad",
            "cxvxvdf",
            "fxvfvd"
          ],
          "keywords": [
            "dfdg",
            "fdvfd"
          ],
          "name": "sdfsdfs",
          "description": "dffdsfd",
          "smallIconUri": "file://assets/images/en-US_smallIconUri.png",
          "largeIconUri": "file://assets/images/en-US_largeIconUri.png"
        }
      },
      "isAvailableWorldwide": true,
      "testingInstructions": "fvfdgegdbfhryntjtjtuj",
      "category": "SMART_HOME",
      "distributionCountries": [
        "US",
        "GB"
      ]
    },
    "apis": {
      "custom": {
        "endpoint": {
          "uri": "arn:aws:lambda:us-east-1:032174894474:function:ask-custom-custome_cert"
        }
      }
    },
    "manifestVersion": "1.0",
    "privacyAndCompliance": {
      "allowsPurchases": true,
      "locales": {
        "en-US": {
          "termsOfUseUrl": "http://www.ghhfh.com",
          "privacyPolicyUrl": "http://www.fghfh.com"
        }
      },
      "isExportCompliant": true,
      "isChildDirected": true,
      "usesPersonalInfo": true
    }
  }
}