{
  "interactionModel": {
    "languageModel": {
      "invocationName": "fsff",
      "intents": [
        {
          "name": "AMAZON.CancelIntent",
          "samples": []
        },
        {
          "name": "AMAZON.HelpIntent",
          "samples": []
        },
        {
          "name": "AMAZON.StopIntent",
          "samples": []
        },
        {
          "name": "AMAZON.NavigateHomeIntent",
          "samples": []
        },
        {
          "name": "AMAZON.FallbackIntent",
          "samples": []
        },
        {
          "name": "aaaaaaaaa",
          "slots": [
            {
              "name": "a",
              "type": "at",
              "samples": [
                "fdd {a}"
              ]
            },
            {
              "name": "aa",
              "type": "AMAZON.NUMBER",
              "samples": [
                "ada {aa}"
              ]
            }
          ],
          "samples": [
            "dd {a} {aa}"
          ]
        }
      ],
      "types": [
        {
          "values": [
            {
              "name": {
                "value": "asdasd"
              }
            },
            {
              "name": {
                "value": "asdasd"
              }
            }
          ],
          "name": "at"
        }
      ]
    },
    "dialog": {
      "intents": [
        {
          "name": "aaaaaaaaa",
          "confirmationRequired": true,
          "prompts": {
            "confirmation": "Confirm.Intent.995784290911"
          },
          "slots": [
            {
              "name": "a",
              "type": "at",
              "elicitationRequired": true,
              "confirmationRequired": false,
              "prompts": {
                "elicitation": "Elicit.Slot.995784290911.121661587100"
              }
            },
            {
              "name": "aa",
              "type": "AMAZON.NUMBER",
              "elicitationRequired": true,
              "confirmationRequired": false,
              "prompts": {
                "elicitation": "Elicit.Slot.995784290911.213473838110"
              }
            }
          ]
        }
      ],
      "delegationStrategy": "ALWAYS"
    },
    "prompts": [
      {
        "id": "Elicit.Slot.995784290911.121661587100",
        "variations": [
          {
            "type": "PlainText",
            "value": "what is the first number"
          }
        ]
      },
      {
        "id": "Elicit.Slot.995784290911.213473838110",
        "variations": [
          {
            "type": "PlainText",
            "value": "what is the second number"
          }
        ]
      },
      {
        "id": "Confirm.Intent.995784290911",
        "variations": [
          {
            "type": "PlainText",
            "value": "number are"
          }
        ]
      }
    ]
  },
  "version": "1"
}